begin;

insert into projects (id, code, name, business_type, status, description)
values (
  '11111111-1111-1111-1111-111111111111',
  'IP-2026-001',
  '보험사 신규 사업 타당성 분석',
  'new_business',
  'draft',
  'ABC 원가배분과 DCF 투자평가를 통합 검토하는 MVP 프로젝트'
);

insert into departments (id, code, name, sort_order)
values
  ('22222222-2222-2222-2222-222222222221', 'PROD', '상품전략본부', 1),
  ('22222222-2222-2222-2222-222222222222', 'OPS', '채널운영본부', 2),
  ('22222222-2222-2222-2222-222222222223', 'DATA', '데이터플랫폼팀', 3);

insert into scenarios (id, project_id, name, description, is_baseline, is_active)
values (
  '33333333-3333-3333-3333-333333333331',
  '11111111-1111-1111-1111-111111111111',
  '기본 시나리오',
  'MVP 기본 가정값',
  true,
  true
);

insert into cost_pools (id, project_id, scenario_id, name, category, amount, currency, description)
values
  ('44444444-4444-4444-4444-444444444441', '11111111-1111-1111-1111-111111111111', '33333333-3333-3333-3333-333333333331', '인건비', 'personnel', 48000000, 'KRW', '신규 사업 대응 인력 비용'),
  ('44444444-4444-4444-4444-444444444442', '11111111-1111-1111-1111-111111111111', '33333333-3333-3333-3333-333333333331', '클라우드/인프라', 'it', 12000000, 'KRW', '운영 및 분석 인프라 비용');

insert into allocation_rules (project_id, scenario_id, cost_pool_id, department_id, basis, allocation_rate, allocated_amount)
values
  ('11111111-1111-1111-1111-111111111111', '33333333-3333-3333-3333-333333333331', '44444444-4444-4444-4444-444444444441', '22222222-2222-2222-2222-222222222221', 'headcount', 0.400000, 19200000),
  ('11111111-1111-1111-1111-111111111111', '33333333-3333-3333-3333-333333333331', '44444444-4444-4444-4444-444444444441', '22222222-2222-2222-2222-222222222222', 'headcount', 0.350000, 16800000),
  ('11111111-1111-1111-1111-111111111111', '33333333-3333-3333-3333-333333333331', '44444444-4444-4444-4444-444444444441', '22222222-2222-2222-2222-222222222223', 'headcount', 0.250000, 12000000),
  ('11111111-1111-1111-1111-111111111111', '33333333-3333-3333-3333-333333333331', '44444444-4444-4444-4444-444444444442', '22222222-2222-2222-2222-222222222221', 'manual', 0.500000, 6000000),
  ('11111111-1111-1111-1111-111111111111', '33333333-3333-3333-3333-333333333331', '44444444-4444-4444-4444-444444444442', '22222222-2222-2222-2222-222222222222', 'manual', 0.300000, 3600000),
  ('11111111-1111-1111-1111-111111111111', '33333333-3333-3333-3333-333333333331', '44444444-4444-4444-4444-444444444442', '22222222-2222-2222-2222-222222222223', 'manual', 0.200000, 2400000);

insert into cash_flows (
  project_id,
  scenario_id,
  period_no,
  period_label,
  year_label,
  operating_cash_flow,
  investment_cash_flow,
  financing_cash_flow,
  net_cash_flow,
  discount_rate
)
values
  ('11111111-1111-1111-1111-111111111111', '33333333-3333-3333-3333-333333333331', 0, '투자시점', '2026', 0, -70000000, 0, -70000000, 0.100000),
  ('11111111-1111-1111-1111-111111111111', '33333333-3333-3333-3333-333333333331', 1, '1년차', '2027', 25000000, 0, 0, 25000000, 0.100000),
  ('11111111-1111-1111-1111-111111111111', '33333333-3333-3333-3333-333333333331', 2, '2년차', '2028', 30000000, 0, 0, 30000000, 0.100000),
  ('11111111-1111-1111-1111-111111111111', '33333333-3333-3333-3333-333333333331', 3, '3년차', '2029', 32000000, 0, 0, 32000000, 0.100000),
  ('11111111-1111-1111-1111-111111111111', '33333333-3333-3333-3333-333333333331', 4, '4년차', '2030', 35000000, 0, 0, 35000000, 0.100000);

insert into valuation_results (
  project_id,
  scenario_id,
  discount_rate,
  npv,
  irr,
  payback_period,
  decision,
  assumptions
)
values (
  '11111111-1111-1111-1111-111111111111',
  '33333333-3333-3333-3333-333333333331',
  0.100000,
  18450000,
  0.158000,
  2.90,
  'recommend',
  '{"growthRate":0.05,"terminalValue":true,"baseDiscountRate":0.1}'::jsonb
);

insert into approval_logs (project_id, scenario_id, actor_role, actor_name, action, comment)
values (
  '11111111-1111-1111-1111-111111111111',
  '33333333-3333-3333-3333-333333333331',
  'planner',
  '기획자',
  'created',
  'MVP 초기 안 생성'
);

insert into approval_logs (project_id, scenario_id, actor_role, actor_name, action, comment)
values (
  '11111111-1111-1111-1111-111111111111',
  '33333333-3333-3333-3333-333333333331',
  'finance_reviewer',
  '재무담당',
  'evaluated',
  '원가배분과 DCF 결과 검토 완료'
);

commit;
